{
  "name": "CSS Props",
  "description": "",
  "author": "",
  "library": "styling",
  "meta": {
    "type": "other"
  },
  "properties": {
    "sections": [
      {
        "type": "header",
        "order": 0,
        "parent": "qw-pe-dropzone0-0",
        "ref": "header1",
        "label": "Border config"
      },
      {
        "type": "header",
        "order": 1,
        "parent": "qw-pe-dropzone0-1",
        "ref": "header2",
        "label": "Text config"
      },
      {
        "type": "header",
        "order": 2,
        "parent": "qw-pe-dropzone0-2",
        "ref": "header3",
        "label": "Background"
      }
    ],
    "settings": [
      {
        "component": "dropdown",
        "type": "string",
        "defaultValue": "none",
        "options": [
          {
            "label": "solid",
            "value": "solid"
          },
          {
            "label": "groove",
            "value": "groove"
          },
          {
            "label": "none",
            "value": "none"
          },
          {
            "label": "dotted",
            "value": "dotted"
          },
          {
            "label": "double",
            "value": "double"
          },
          {
            "label": "ridge",
            "value": "ridge"
          },
          {
            "label": "inset",
            "value": "inset"
          },
          {
            "label": "outset",
            "value": "outset"
          }
        ],
        "order": 0,
        "parent": "header1",
        "ref": "property1",
        "label": "border top type"
      },
      {
        "type": "string",
        "expression": "optional",
        "defaultValue": "1px",
        "order": 4,
        "parent": "header1",
        "ref": "property2",
        "label": "border size"
      },
      {
        "type": "string",
        "expression": "optional",
        "defaultValue": "#808080",
        "order": 5,
        "parent": "header1",
        "ref": "property8",
        "label": "border color"
      },
      {
        "component": "dropdown",
        "type": "string",
        "defaultValue": "none",
        "options": [
          {
            "label": "solid",
            "value": "solid"
          },
          {
            "label": "groove",
            "value": "groove"
          },
          {
            "label": "none",
            "value": "none"
          },
          {
            "label": "dotted",
            "value": "dotted"
          },
          {
            "label": "double",
            "value": "double"
          },
          {
            "label": "ridge",
            "value": "ridge"
          },
          {
            "label": "inset",
            "value": "inset"
          },
          {
            "label": "outset",
            "value": "outset"
          }
        ],
        "order": 1,
        "parent": "header1",
        "ref": "property3",
        "label": "border right style"
      },
      {
        "component": "dropdown",
        "type": "string",
        "defaultValue": "none",
        "options": [
          {
            "label": "solid",
            "value": "solid"
          },
          {
            "label": "groove",
            "value": "groove"
          },
          {
            "label": "none",
            "value": "none"
          },
          {
            "label": "dotted",
            "value": "dotted"
          },
          {
            "label": "double",
            "value": "double"
          },
          {
            "label": "ridge",
            "value": "ridge"
          },
          {
            "label": "inset",
            "value": "inset"
          },
          {
            "label": "outset",
            "value": "outset"
          }
        ],
        "order": 2,
        "parent": "header1",
        "ref": "property5",
        "label": "border left style"
      },
      {
        "component": "dropdown",
        "type": "string",
        "defaultValue": "none",
        "options": [
          {
            "label": "solid",
            "value": "solid"
          },
          {
            "label": "groove",
            "value": "groove"
          },
          {
            "label": "none",
            "value": "none"
          },
          {
            "label": "dotted",
            "value": "dotted"
          },
          {
            "label": "double",
            "value": "double"
          },
          {
            "label": "ridge",
            "value": "ridge"
          },
          {
            "label": "inset",
            "value": "inset"
          },
          {
            "label": "outset",
            "value": "outset"
          }
        ],
        "order": 3,
        "parent": "header1",
        "ref": "property7",
        "label": "border style bottom"
      },
      {
        "type": "string",
        "expression": "optional",
        "defaultValue": "none !important",
        "order": 6,
        "parent": "header1",
        "ref": "property10",
        "label": "border radius"
      },
      {
        "type": "string",
        "expression": "optional",
        "defaultValue": "",
        "order": 0,
        "parent": "header2",
        "ref": "text",
        "label": "Text"
      },
      {
        "component": "dropdown",
        "type": "string",
        "defaultValue": "center",
        "options": [
          {
            "label": "center",
            "value": "center"
          },
          {
            "label": "left",
            "value": "left"
          },
          {
            "label": "right",
            "value": "right"
          }
        ],
        "order": 1,
        "parent": "header2",
        "ref": "property12",
        "label": "text align"
      },
      {
        "type": "string",
        "expression": "optional",
        "defaultValue": "",
        "order": 2,
        "parent": "header2",
        "ref": "property13",
        "label": "padding-top"
      },
      {
        "component": "dropdown",
        "type": "string",
        "defaultValue": "'HelveticaNeueRoman', Helvetica, Arial, sans-serif",
        "options": [
          {
            "label": "Arial Black",
            "value": "'Arial Black', Gadget, sans-serif"
          },
          {
            "label": "HelveticaNeueRoman",
            "value": "'HelveticaNeueRoman', Helvetica, Arial, sans-serif"
          },
          {
            "label": "Courier New",
            "value": "'Courier New', Courier, monospace"
          }
        ],
        "order": 3,
        "parent": "header2",
        "ref": "property14",
        "label": "font"
      },
      {
        "type": "string",
        "expression": "optional",
        "defaultValue": "10px",
        "order": 4,
        "parent": "header2",
        "ref": "property15",
        "label": "font size"
      },
      {
        "component": "dropdown",
        "type": "string",
        "defaultValue": "normal",
        "options": [
          {
            "label": "normal",
            "value": "normal"
          },
          {
            "label": "bold",
            "value": "bold"
          }
        ],
        "order": 5,
        "parent": "header2",
        "ref": "property16",
        "label": "font weight"
      },
      {
        "component": "dropdown",
        "type": "string",
        "defaultValue": "normal",
        "options": [
          {
            "label": "normal",
            "value": "normal"
          },
          {
            "label": "small-caps",
            "value": "small-caps"
          }
        ],
        "order": 6,
        "parent": "header2",
        "ref": "property17",
        "label": "font variant"
      },
      {
        "component": "dropdown",
        "type": "string",
        "defaultValue": "none",
        "options": [
          {
            "label": "none",
            "value": "none"
          },
          {
            "label": "underline",
            "value": "underline"
          },
          {
            "label": "overline",
            "value": "overline"
          },
          {
            "label": "line-through",
            "value": "line-through"
          }
        ],
        "order": 8,
        "parent": "header2",
        "ref": "property18",
        "label": "text decoration"
      },
      {
        "type": "string",
        "expression": "optional",
        "defaultValue": "#595959",
        "order": 9,
        "parent": "header2",
        "ref": "property19",
        "label": "text color"
      },
      {
        "type": "string",
        "expression": "optional",
        "defaultValue": "#FFF",
        "order": 0,
        "parent": "header3",
        "ref": "property20",
        "label": "color"
      },
      {
        "type": "string",
        "expression": "optional",
        "defaultValue": "//'background: -webkit-linear-gradient(top, #1e5799 0%,#2989d8 50%,#207cca 51%,#7db9e8 100%);'",
        "order": 1,
        "parent": "header3",
        "ref": "property21",
        "label": "gradient"
      },
      {
        "component": "dropdown",
        "type": "string",
        "defaultValue": "none",
        "options": [
          {
            "label": "none",
            "value": "none"
          },
          {
            "label": "uppercase",
            "value": "uppercase"
          },
          {
            "label": "lowercase",
            "value": "lowercase"
          },
          {
            "label": "capitalize",
            "value": "capitalize"
          }
        ],
        "order": 7,
        "parent": "header2",
        "ref": "property22",
        "label": "text transform"
      }
    ]
  }
}