{
  "name": "Drill KPI",
  "description": "",
  "author": "",
  "library": "styling",
  "meta": {
    "type": "kpi"
  },
  "properties": {
    "sections": [
      {
        "type": "header",
        "order": 0,
        "parent": "qw-pe-dropzone0-0",
        "ref": "header1",
        "label": "Settings"
      },
      {
        "type": "header",
        "order": 1,
        "parent": "qw-pe-dropzone0-1",
        "ref": "header2",
        "label": "Link"
      }
    ],
    "settings": [
      {
        "type": "string",
        "expression": "optional",
        "defaultValue": "",
        "order": 0,
        "parent": "header1",
        "ref": "footer1",
        "label": "Footer 1"
      },
      {
        "type": "string",
        "expression": "optional",
        "defaultValue": "",
        "order": 1,
        "parent": "header1",
        "ref": "footer2",
        "label": "Footer 2"
      },
      {
        "component": "dropdown",
        "type": "string",
        "defaultValue": "#1abc9c",
        "options": [
          {
            "label": "Turquoise",
            "value": "#1abc9c"
          },
          {
            "label": "Emerald",
            "value": "#2ecc71"
          },
          {
            "label": "Peter River",
            "value": "#3498db"
          },
          {
            "label": "Amethyst",
            "value": "#9b59b6"
          },
          {
            "label": "Wet Asphalt",
            "value": "#34495e"
          },
          {
            "label": "Green Sea",
            "value": "#16a085"
          },
          {
            "label": "Nephritis",
            "value": "#27ae60"
          },
          {
            "label": "Belize Hole",
            "value": "#2980b9"
          },
          {
            "label": "Wisteria",
            "value": "#8e44ad"
          },
          {
            "label": "Midnight Blue",
            "value": "#2c3e50"
          },
          {
            "label": "Sun Flower",
            "value": "#f1c40f"
          },
          {
            "label": "Carrot",
            "value": "#e67e22"
          },
          {
            "label": "Alizarin",
            "value": "#e74c3c"
          },
          {
            "label": "Clouds",
            "value": "#ecf0f1"
          },
          {
            "label": "Concrete",
            "value": "#95a5a6"
          },
          {
            "label": "Orange",
            "value": "#f39c12"
          },
          {
            "label": "Pumpkin",
            "value": "#d35400"
          },
          {
            "label": "Pomegranate",
            "value": "#c0392b"
          },
          {
            "label": "Silver",
            "value": "#bdc3c7"
          },
          {
            "label": "Asbestos",
            "value": "#7f8c8d"
          },
          {
            "label": "Schema 1/1",
            "value": "#ebc844"
          },
          {
            "label": "Schema 1/2",
            "value": "#a2b86c"
          },
          {
            "label": "Schema 1/3",
            "value": "#5ca793"
          },
          {
            "label": "Schema 1/4",
            "value": "#1395ba"
          },
          {
            "label": "Schema 1/5",
            "value": "#117899"
          },
          {
            "label": "Schema 1/6",
            "value": "#0f5b78"
          },
          {
            "label": "Schema 1/7",
            "value": "#0d3c55"
          },
          {
            "label": "Schema 1/8",
            "value": "#c02e1d"
          },
          {
            "label": "Schema 1/9",
            "value": "#d94e1f"
          },
          {
            "label": "Schema 1/10",
            "value": "#f16c20"
          },
          {
            "label": "Schema 1/11",
            "value": "#ef8b2c"
          },
          {
            "label": "Schema 1/12",
            "value": "#ecaa38"
          },
          {
            "label": "QLIK DARK GREEN",
            "value": "#4C8C2B"
          },
          {
            "label": "QLIK LIME GREEN",
            "value": "#C4D600"
          },
          {
            "label": "QLIK ORANGE",
            "value": "#F8981D"
          },
          {
            "label": "QLIK GOLD",
            "value": "#FFC72C"
          },
          {
            "label": "QLIK MEDIUM GRAY",
            "value": "#7E8083"
          },
          {
            "label": "QLIK LIGHT GRAY",
            "value": "#9FA1A4"
          },
          {
            "label": "White",
            "value": "#FFF"
          }
        ],
        "order": 2,
        "parent": "header1",
        "ref": "color",
        "label": "color"
      },
      {
        "component": "dropdown",
        "type": "string",
        "defaultValue": "bookmark",
        "options": [
          {
            "label": "Bookmark",
            "value": "bookmark"
          },
          {
            "label": "Tag",
            "value": "tag"
          },
          {
            "label": "Warning",
            "value": "warning"
          },
          {
            "label": "Warning (triangle)",
            "value": "warning-triangle"
          },
          {
            "label": "Person",
            "value": "person"
          },
          {
            "label": "Key",
            "value": "key"
          },
          {
            "label": "Home",
            "value": "home"
          },
          {
            "label": "Map",
            "value": "map"
          },
          {
            "label": "Tick",
            "value": "tick"
          },
          {
            "label": "Sheet",
            "value": "sheet"
          },
          {
            "label": "Object",
            "value": "object"
          },
          {
            "label": "Image",
            "value": "image"
          },
          {
            "label": "History",
            "value": "history"
          },
          {
            "label": "Help",
            "value": "help"
          },
          {
            "label": "Info",
            "value": "info"
          },
          {
            "label": "Text",
            "value": "text"
          },
          {
            "label": "Group",
            "value": "group"
          },
          {
            "label": "Search",
            "value": "search"
          },
          {
            "label": "Export",
            "value": "export"
          },
          {
            "label": "Database",
            "value": "database"
          },
          {
            "label": "Calender",
            "value": "calender"
          },
          {
            "label": "Field",
            "value": "field"
          },
          {
            "label": "Expression",
            "value": "expression"
          },
          {
            "label": "Library",
            "value": "library"
          },
          {
            "label": "Debug",
            "value": "debug"
          },
          {
            "label": "Grid",
            "value": "grid"
          },
          {
            "label": "Star",
            "value": "star"
          },
          {
            "label": "Print",
            "value": "print"
          },
          {
            "label": "Barchart",
            "value": "bar-chart"
          },
          {
            "label": "Clock",
            "value": "clock"
          },
          {
            "label": "Linechart",
            "value": "line-chart"
          },
          {
            "label": "Piechart",
            "value": "pie-chart"
          },
          {
            "label": "Gaugechart",
            "value": "gauge-chart"
          },
          {
            "label": "KPI",
            "value": "kpi"
          },
          {
            "label": "Scatterchart",
            "value": "scatter-chart"
          },
          {
            "label": "Puzzle",
            "value": "puzzle"
          },
          {
            "label": "Table",
            "value": "table"
          },
          {
            "label": "Filterpane",
            "value": "filterpane"
          },
          {
            "label": "Treemap",
            "value": "treemap"
          },
          {
            "label": "Combochart",
            "value": "combo-chart"
          },
          {
            "label": "Plus",
            "value": "plus"
          },
          {
            "label": "Minus",
            "value": "minus"
          },
          {
            "label": "Cogwheel",
            "value": "cogwheel"
          },
          {
            "label": "Select-all",
            "value": "select-all"
          },
          {
            "label": "Data-model",
            "value": "data-model"
          },
          {
            "label": "Camera",
            "value": "camera"
          },
          {
            "label": "Effects",
            "value": "effects"
          },
          {
            "label": "File",
            "value": "file"
          },
          {
            "label": "Box",
            "value": "box"
          },
          {
            "label": "Stream",
            "value": "stream"
          },
          {
            "label": "Cloud",
            "value": "cloud"
          },
          {
            "label": "Direct-discovery",
            "value": "direct-discovery"
          },
          {
            "label": "Share",
            "value": "share"
          },
          {
            "label": "View",
            "value": "view"
          },
          {
            "label": "Top",
            "value": "top"
          },
          {
            "label": "Upload",
            "value": "upload"
          },
          {
            "label": "Disconnect",
            "value": "disconnect"
          },
          {
            "label": "Sync",
            "value": "sync"
          }
        ],
        "order": 3,
        "parent": "header1",
        "ref": "icon",
        "label": "Icon"
      },
      {
        "type": "string",
        "expression": "optional",
        "defaultValue": "",
        "order": 4,
        "parent": "header1",
        "ref": "header",
        "label": "Header"
      },
      {
        "type": "boolean",
        "expression": "optional",
        "defaultValue": true,
        "order": 0,
        "parent": "header2",
        "ref": "showLink",
        "label": "Show Link"
      },
      {
        "type": "string",
        "expression": "optional",
        "defaultValue": "",
        "order": 1,
        "parent": "header2",
        "ref": "sheetId",
        "label": "SheetID"
      }
    ],
    "measures": {
      "min": 0,
      "max": 4
    },
    "dimensions": {
      "max": 0,
      "min": 0
    }
  }
}